BrC1=CC=C(CC(C#N)C#N)C=C1;(4-bromobenzyl)propanedinitrile
BrC1=CC=C(CC(C#N)C#N)C=C1;(4-bromobenzyl)propanedinitrile
CC(Cl)(Cl)Cl;1,1,1-Trichloroethane
CC(=O)C(Cl)(Cl)Cl;1,1,1-trichloropropanone
CC(=O)C(Cl)Cl;1,1-dichloropropanone
OC1=CC(O)=C(O)C=C1;1,2,4-benzenetriol
O=C1CC(=O)C2=CC=CC=C12;1,3-indanedione
CCCCO;1-butanol 
C=CCC;1-butene
O=C(\C=C\C1=CC=CC=C1)N1CCCCC1;1-cinnamoylpiperidine
CCCCCCN1CCCC1=O;1-hexyl-2-pyrrolidone
COCC(C)O;1-methoxy-2-propanol
CCCCCCCCN1CCCC1=O;1-octyl-2-pyrrolidone
CC(=O)[C@@]1(O)CC[C@H]2[C@@H]3CCC4=CC(=O)CC[C@]4(C)[C@H]3CC[C@]12C;17.-Hydroxyprogesterone
C[C@]12CC[C@H]3[C@@H](CCC4=CC(O)=CC=C34)[C@@H]1CC[C@@H]2O;17.-estradiol
CC(Cl)(Cl)Cl;1_1_1-Trichloroethane
COP(=O)(OC)C(O)C(Cl)(Cl)Cl;2,2,2-trichloro-1-dimethoxyphosphorylethanol
CC(O)C(C)O;2,3-Butanediol
CC(O)C(C)O;2,3-butanediol
ClCC(=O)C1=CC=C(Cl)C=C1;2,4'-Dichloroacetophenone
NC1=C(Cl)C=C(Cl)C(Cl)=C1;2,4,5-trichloroaniline 
OC1=C(Cl)C=C(Cl)C=C1Cl;2,4,6-Trichlorophenol
OC1=C(Cl)C=C(Cl)C=C1Cl;2,4,6-trichlorophenol
c1ccc(cc1)C(=O)C(Cl)Cl;2,4-Dichloroacetophenone 
OC1=C(Cl)C=C(Cl)C=C1;2,4-Dichlorophenol
[O-][N+](=O)C1=CC(=C(Cl)C=C1)[N+]([O-])=O;2,4-Dinitrochlorobenzene
OC1=C(Cl)C=C(Cl)C=C1;2,4-dichlorophenol
CC1=C(N)C=CC(N)=C1;2,5-Diaminotoluene
CCCCOCCOCC(=O)OCC;2-(2-Butoxyethoxy)ethylacetate
CC1=CC(C)=C(O)C=C1;2-4-dimethylphenol
CC1=CC(O)=C(C)C=C1;2-5-dimethylphenol
CC(=O)NC1=CC=C2C(CC3=CC=CC=C23)=C1;2-AAF
NC1=C(O)C=CC(=C1)[N+]([O-])=O;2-Amino-4-Nitrophenol
NC1=C(O)C=CC(=C1)[N+]([O-])=O;2-Amino-4-nitrophenol
CCC(C)=O;2-Butanone
CCC(C)=O;2-Butanone
OC1=C(Cl)C=CC=C1;2-Chlorophenol
OC1=C(Cl)C=CC=C1;2-Chlorophenol
CCOCCO;2-Ethoxyethanol
CCOCCO;2-Ethoxyethanol
CCCCC(CC)COC(=O)C;2-Ethylhexylacetate
CC(C)OCCO;2-Isopropoxyethanol
OC1=CC2=CC=CC=C2C=C1;2-Naphthol
OC1=CC2=CC=CC=C2C=C1;2-Naphthol
OC1=CC2=CC=CC=C2C=C1;2-Naphthol
OC1=CC2=CC=CC=C2C=C1;2-Naphthol
OCCC1=CC=CC=C1;2-Phenylethanol
OCCC1=CC=CC=C1;2-Phenylethanol
CCC(C)=O;2-butanone
CC=CC;2-butene
CCCCOCCO;2-butoxyethanol
CCCCOCCO;2-butoxyethanol
CCCCSC1=CC(=O)C2=C(C=CC=C2)C1=O;2-butylthio-1,4-naphthoquinone
ClC1=CC(=O)C2=C(C=CC=C2)C1=O;2-chloro-1,4-naphthoquinone
OC1=C(Cl)C=CC=C1;2-chlorophenol
CCOCCO;2-ethoxy ethanol
NC1=CC2=CC=CC=C2C=C1;2-naphthylamine
NC1=CC(=C(N)C=C1)[N+]([O-])=O;2-nitro p-phenylenediamine
NC1=CC(=C(N)C=C1)[N+]([O-])=O;2-nitro_p-phenylenediamine
CC1=C(C=CC=C1)[N+]([O-])=O;2-nitrotoluene 
OCCOC1=CC=CC=C1;2-phenoxyethanol
CC(O)C(C)O;2_3-Butanediol
CC(O)C(C)O;2_3-Butanediol
OC1=C(Cl)C=C(Cl)C=C1;2_4-Dichlorophenol
OC1=C(Cl)C=C(Cl)C=C1Cl;2_4_6-Trichlorophenol
CC1=C(C)C=C(O)C=C1;3,4-Xylenol
CC1=C(C)C=C(O)C=C1;3,4-xylenol
COCCCOCCCO;3-(3-methoxypropoxy)propan-1-ol
CC(=O)C(CC1=CC=C(Br)C=C1)C(C)=O;3-(4-bromo-benzyl)-acetylacetone
CC(=O)C(CC1=CC=C(Br)C=C1)C(C)=O;3-(4-bromo-benzyl)-acetylacetone
CC1=C(C)C=C(O)C=C1;3-4-dimethylphenol
OC1=CC(=CC=C1)[N+]([O-])=O;3-Nitrophenol
OC1=CC(=CC=C1)[N+]([O-])=O;3-Nitrophenol
OC1=CC(=CC=C1)[N+]([O-])=O;3-nitrophenol
CC1=C(C)C=C(O)C=C1;3_4-xylenol
NC1=CC=C(CC2=CC=C(N)C=C2)C=C1;4,4Z-methylenedianiline
NC1=CC(=C(O)C=C1)[N+]([O-])=O;4-Amino-2-nitrophenol
c1cc(c(cc1O)[N+](=O)[O-])N;4-Amino-3-Nitrophenol 
NC1=CC=C(O)C=C1;4-Aminophenol
OC1=CC=C(Br)C=C1;4-Bromophenol
OC1=CC=C(Br)C=C1;4-Bromophenol
BrC1=CC=C(C=C1)N=C=O;4-Bromophenyl Isocyanate
OC(=O)CCCCl;4-Chlorobutyric acid
CC1=C(O)C=CC(Cl)=C1;4-Chlorocresol
CC1=C(O)C=CC(Cl)=C1;4-Chlorocresol
OC1=CC=C(Cl)C=C1;4-Chlorophenol
OC1=CC=C(Cl)C=C1;4-Chlorophenol
CCC1=CC=C(O)C=C1;4-Ethylphenol
CCC1=CC=C(O)C=C1;4-Ethylphenol
CC(C)CCC(=O)O;4-Methylvaleric Acid 
CC(C)CCC(O)=O;4-Methylvaleric acid
NC1=C(N)C=C(C=C1)[N+]([O-])=O;4-Nitro-o-Phenylenediamine
OC1=CC=C(C=C1)[N+]([O-])=O;4-Nitrophenol
OC1=CC=C(C=C1)[N+]([O-])=O;4-Nitrophenol
CC1=CC=C(C=C1)C#N;4-Tolunitrile
NC1=CC(=C(O)C=C1)[N+]([O-])=O;4-amino-2-nitrophenol
OC1=CC=C(Br)C=C1;4-bromophenol
CC1=C(Cl)C=CC(O)=C1;4-chloro-3-methylphenol
CC1=C(Cl)C=CC(O)=C1;4-chloro-3-methylphenol
CC1=C(Cl)C=CC(O)=C1;4-chloro-3-methylphenol
CC1=C(Cl)C=CC(O)=C1;4-chloro-3-methylphenol 
Nc1ccc(Cl)cc1N;4-chloro-4-phenylenediamine
NC1=CC(N)=C(Cl)C=C1;4-chloro-m-phenylenediamine
NC1=C(N)C=C(Cl)C=C1;4-chloro-o-phenylenediamine
CC1=C(O)C=CC(Cl)=C1;4-chlorocresol
OC1=CC=C(Cl)C=C1;4-chlorophenol
OC1=CC=C(C=C1)C#N;4-cyanophenol
CCC1=CC=C(O)C=C1;4-ethylphenol
OCC1=CC=C(O)C=C1;4-hydroxybenzylalcohol
NC(=O)CC1=CC=C(O)C=C1;4-hydroxyphenylacetamide
OC(=O)CC1=CC=C(O)C=C1;4-hydroxyphenylaceticacid
OC1=CC=C(C=C1)[N+]([O-])=O;4-nitrophenol
CCCOC1=CC=C(O)C=C1;4-propoxyphenol
CCCOC1=CC=C(O)C=C1;4-propoxyphenol
CCCOC1=CC=C(O)C=C1;4-propoxyphenol
NC1=CC=C(Cl)C=C1;4.Chloroaniline
FC1=CNC(=O)NC1=O;5-Fluorouracil
FC1=CNC(=O)NC1=O;5-Fluorouracil
NCC(=O)CCC(O)=O;5-aminolevulinicacid
FC(F)(F)C1=NC2=CC(=CC=C2N1)C#N;5-cyano-2-(trifluoromethyl)-1h-benzimidazole
FC(F)(F)C1=NC2=CC(=CC=C2N1)C#N;5-cyano-2-(trifluoromethyl)-1h-benzimidazole
CC1=CC=C2OC(=O)C=CC2=C1;6.Methylcoumarin
CCOC1=CC=C2C=CC(=O)OC2=C1;7-ethoxycoumarin
CC(=O)C1=CC=CC=C1;Acetophenone
CC(=O)OC1=CC=CC=C1C(O)=O;Acetylsalicylic acid
CC(=O)OC1=CC=CC=C1C(O)=O;Acetylsalicylic acid
C[C@]12CCC(=O)C=C1CC[C@H]1[C@@H]3CC[C@H](C(=O)CO)[C@]3(C[C@H](O)[C@H]21)C=O;Aldosterone
C[C@]12CCC(=O)C=C1CC[C@H]1[C@@H]3CC[C@H](C(=O)CO)[C@]3(C[C@H](O)[C@H]21)C=O;Aldosterone
C[C@]12CCC(=O)C=C1CC[C@H]1[C@@H]3CC[C@H](C(=O)CO)[C@]3(C[C@H](O)[C@H]21)C=O;Aldosterone
CCC1(CCC(C)C)C(=O)NC(=O)NC1=O;Amylobarbital
CCC1(CCC(C)C)C(=O)NC(=O)NC1=O;Amylobarbital
NC1=CC=CC=C1;Aniline
NC1=CC=CC=C1;Aniline
COC1=CC=CC=C1;Anisole
COC1=CC=CC=C1;Anisole
F[As](F)(F)(F)F;Arsenic pentafluoride
[AsH3];Arsine
NC(CC(O)=O)C(O)=O;Aspartic acid
CN1[C@H]2CC[C@@H]1C[C@@H](C2)OC(=O)C(CO)C1=CC=CC=C1;Atropine
CN1[C@H]2CC[C@@H]1C[C@@H](C2)OC(=O)C(CO)C1=CC=CC=C1;Atropine
CCC1(CC)C(=O)NC(=O)NC1=O;Barbital
CCC1(CC)C(=O)NC(=O)NC1=O;Barbital
COC1=C(C=CC=C1)N=NC1=C2C=C(C=CC2=CC=C1O)[N+](C)(C)C;Basic Red 76
O=CC1=CC=CC=C1;Benzaldehyde
O=CC1=CC=CC=C1;Benzaldehyde
O=CC1=CC=CC=C1;Benzaldehyde
C1=CC=CC=C1;Benzene
C1=CC=CC=C1;Benzene
C1=CC=CC=C1;Benzene
OC(=O)C1=CC=CC=C1;Benzoic acid
OC(=O)C1=CC=CC=C1;Benzoic acid
O=C(C1=CC=CC=C1)C1=CC=CC=C1;Benzophenone
OCC1=CC=CC=C1;Benzyl alcohol
OCC1=CC=CC=C1;Benzyl alcohol
OCC1=CC=CC=C1;Benzyl alcohol
BrCC1=CC=CC=C1;Benzyl bromide
O=C(OCC1=CC=CC=C1)C1=CC=CN=C1;Benzyl nicotinate
O=C(OCC1=CC=CC=C1)C1=CC=CN=C1;Benzyl nicotinate
CC(=O)\C=C\C1=CC=CC=C1;Benzylidene acetone
FC(F)(F)OOC(F)(F)F;Bis_trifluoromethyl_peroxide
OB(O)O;Boric Acid
OB(O)O;Boric Acid
OB(O)O;Boric Acid
OB(O)O;Boric acid
BrB(Br)Br;Boron tribromide
ClB(Cl)Cl;Boron trichloride
FB(F)F;Boron trifluoride
[Br];Bromine
ClBr;Bromine chloride
CBr;Bromomethane
CCCCO;Butanol
CCCCO;Butanol
CCCCO;Butanol
CCCCO;Butanol
CCCCC1(CC)C(=NC(=O)N=C1O)O;Butobarbital
CCCCC1(CC)C(=O)NC(=O)NC1=O;Butobarbital
CCCCC1(CC)C(=O)NC(=O)NC1=O;Butobarbital
CCCCOC(=O)C1=CC=CN=C1;Butyl nicotinate
CCCCOC(=O)C1=CC=CN=C1;Butyl nicotinate
CCCC(O)=O;Butyric acid
CCCC(O)=O;Butyric acid
CN1C=NC2=C1C(=O)N(C)C(=O)N2C;Caffeine
CN1C=NC2=C1C(=O)N(C)C(=O)N2C;Caffeine
CN1C=NC2=C1C(=O)N(C)C(=O)N2C;Caffeine
CN1C=NC2=C1C(=O)N(C)C(=O)N2C;Caffeine
[C-]#[O+];Carbon monoxide
F[Cl](F)(F)(F)F;Chlorine pentafluoride
F[Cl](F)F;Chlorine trifluoride
[O-][N+](=O)C(Cl)(Cl)Cl;Chloropicrin
CC1=CC(O)=CC(C)=C1Cl;Chloroxylenol
CC1=CC(O)=CC(C)=C1Cl;Chloroxylenol
CN(C)CCC(C1=CC=C(Cl)C=C1)C1=CC=CC=N1;Chlorpheniramine
CN(C)CCC(C1=CC=C(Cl)C=C1)C1=CC=CC=N1;Chlorpheniramine
O=C\C=C\C1=CC=CC=C1;Cinnamaldehyde
OC(=O)\C=C\C1=CC=CC=C1;Cinnamic acid
OC\C=C\C1=CC=CC=C1;Cinnamyl Alcohol
COC1=CC=C2C[C@@H]3[C@@H]4C=C[C@H](O)[C@@H]5OC1=C2[C@]45CCN3C;Codeine
COC1=CC=C2C[C@@H]3[C@@H]4C=C[C@H](O)[C@@H]5OC1=C2[C@]45CCN3C;Codeine
C[C@]12C[C@H](O)[C@H]3[C@@H](CCC4=CC(=O)CC[C@]34C)[C@@H]1CC[C@@H]2C(=O)CO;Corticosterone
C[C@]12C[C@H](O)[C@H]3[C@@H](CCC4=CC(=O)CC[C@]34C)[C@@H]1CC[C@@H]2C(=O)CO;Corticosterone
C[C@]12C[C@H](O)[C@H]3[C@@H](CCC4=CC(=O)CC[C@]34C)[C@@H]1CC[C@@H]2C(=O)CO;Corticosterone
C[C@]12C[C@H](O)[C@H]3[C@@H](CCC4=CC(=O)CC[C@]34C)[C@@H]1CC[C@@H]2C(=O)CO;Corticosterone
O=C1OC2=CC=CC=C2C=C1;Coumarin
O=C1OC2=CC=CC=C2C=C1;Coumarin
O=C1OC2=CC=CC=C2C=C1;Coumarin
N#CC#N;Cyanogen
ClC#N;Cyanogen chloride
ClCCN(CCCl)P1(=O)NCCCO1;Cyclophosphamide monohydrate
CC1=CC[C@](C(C)(C)OC2=C3C(O)=CC(CCCCC)=C2)([H])[C@@]3([H])C1;D8-tetrahydrocannabinol
CCCCCCCCCCO;Decanol
CCCCCCCCCCO;Decanol
CCCCCCCCCCO;Decanol
C[C@@H]1C[C@H]2[C@@H]3CCC4=CC(=O)C=C[C@]4(C)[C@@]3(F)[C@@H](O)C[C@]2(C)[C@@]1(O)C(=O)CO;Dexamethasone
C[C@@H]1C[C@H]2[C@@H]3CCC4=CC(=O)C=C[C@]4(C)[C@@]3(F)[C@@H](O)C[C@]2(C)[C@@]1(O)C(=O)CO;Dexamethasone
C=[N+]=[N-];Diazomethane
BB;Diborane
ClC#CCl;Dichloroacetylene
Cl[SiH2]Cl;Dichlorosilane
OC(=O)CC1=CC=CC=C1NC1=C(Cl)C=CC=C1Cl;Diclofenac
OC(=O)CC1=CC=CC=C1NC1=C(Cl)C=CC=C1Cl;Diclofenac
OC(=O)CC1=CC=CC=C1NC1=C(Cl)C=CC=C1Cl;Diclofenac
CCN(CC)C(=O)N1CCN(C)CC1;Diethylcarbamazine
CCN(CC)C(=O)N1CCN(C)CC1;Diethylcarbamazine
CCCCOCCOCCO;Diethylene glycol butyl ether
CC\C(C([O-])=O)=C(/CC)C([O-])=O;Diethylmaleate
C[C@H]1O[C@H](C[C@H](O)[C@@H]1O)O[C@H]1[C@@H](O)C[C@H](O[C@H]2[C@@H](O)C[C@H](O[C@H]3CC[C@@]4(C)[C@H](CC[C@@H]5[C@@H]4CC[C@]4(C)[C@H](CC[C@]54O)C4=CC(=O)OC4)C3)O[C@@H]2C)O[C@@H]1C;Digitoxin
C[C@H]1O[C@H](C[C@H](O)[C@@H]1O)O[C@H]1[C@@H](O)C[C@H](O[C@H]2[C@@H](O)C[C@H](O[C@H]3CC[C@@]4(C)[C@H](CC[C@@H]5[C@@H]4CC[C@]4(C)[C@H](CC[C@]54O)C4=CC(=O)OC4)C3)O[C@@H]2C)O[C@@H]1C;Digitoxin
CN1CC[C@@]23[C@H]4OC5=C2C(C[C@@H]1[C@@H]3CC[C@@H]4O)=CC=C5O;Dihydromorphine
CN1CC[C@@]23[C@H]4OC5=C2C(C[C@@H]1[C@@H]3CC[C@@H]4O)=CC=C5O;Dihydromorphine
CCN(C)C;Dimethylethylamine
CCN(C)C;Dimethylethylamine
CCN(C)C;Dimethylethylamine
FS(F)(F)(F)(F)S(F)(F)(F)(F)F;Disulfur decafluoride
CCCCC/C=C(\C)/C(=O)OCC;EHA
CCCCCCC(=CCC)C([O-])=O;EHA
CN[C@@H](C)[C@H](O)C1=CC=CC=C1;Ephedrine
CN[C@@H](C)[C@H](O)C1=CC=CC=C1;Ephedrine
C[C@]12CC[C@H]3[C@@H](CCC4=CC(O)=CC=C34)[C@@H]1CC[C@@H]2O;Estradiol
C[C@]12CC[C@H]3[C@@H](CCC4=CC(O)=CC=C34)[C@@H]1CC[C@@H]2O;Estradiol
C[C@]12CC[C@H]3[C@@H](CCC4=CC(O)=CC=C34)[C@@H]1CC[C@@H]2O;Estradiol
C[C@]12CC[C@H]3[C@@H](CCC4=CC(O)=CC=C34)[C@@H]1CC[C@@H]2O;Estradiol
C[C@]12CC[C@H]3[C@@H](CCC4=CC(O)=CC=C34)[C@@H]1CC[C@@H]2O;Estradiol
C[C@]12CC[C@H]3[C@@H](CCC4=CC(O)=CC=C34)[C@@H]1CC[C@@H]2O;Estradiol
C[C@]12CC[C@H]3[C@@H](CCC4=CC(O)=CC=C34)[C@@H]1CC[C@@H]2O;Estradiol
C[C@]12CC[C@H]3[C@@H](CCC4=CC(O)=CC=C34)[C@@H]1CC[C@@H]2O;Estradiol
C[C@]12CC[C@H]3[C@@H](CCC4=CC(O)=CC=C34)[C@@H]1CC[C@@H]2O;Estradiol
C[C@]12CC[C@H]3[C@@H](CCC4=CC(O)=CC=C34)[C@@H]1CC[C@@H]2O;Estradiol
C[C@]12CC[C@H]3[C@@H](CCC4=CC(O)=CC=C34)[C@@H]1CC[C@@H]2O;Estradiol
C[C@]12CC[C@H]3[C@@H](CCC4=CC(O)=CC=C34)[C@@H]1CC[C@@H]2O;Estradiol
CCO;Ethanol
CCO;Ethanol
CCO;Ethanol
CCO;Ethanol
CCC1=CC=CC=C1;Ethyl benzene
CCOC(=O)C1=CC=CN=C1;Ethyl nicotinate
CCOC(=O)C1=CC=CN=C1;Ethyl nicotinate
CCOC(=O)C1=CC=CN=C1;Ethyl nicotinate
CCC1=CC=CC=C1;Ethylbenzene
CCO;Ethylether
CCOCC;Ethylether
CCC[C@@](C)(O)[C@H]1C[C@]23C=C[C@]1(OC)[C@@H]1OC4=C5C(C[C@H]2N(C)CC[C@@]315)=CC=C4O;Etorphine
CCC[C@@](C)(O)[C@H]1C[C@]23C=C[C@]1(OC)[C@@H]1OC4=C5C(C[C@H]2N(C)CC[C@@]315)=CC=C4O;Etorphine
CCC(=O)N(C1CCN(CCC2=CC=CC=C2)CC1)C1=CC=CC=C1;Fentanyl
CCC(=O)N(C1CCN(CCC2=CC=CC=C2)CC1)C1=CC=CC=C1;Fentanyl
CCC(=O)N(C1CCN(CCC2=CC=CC=C2)CC1)C1=CC=CC=C1;Fentanyl
CC(=O)OCC(=O)[C@@]12OC(C)(C)O[C@@H]1C[C@H]1[C@@H]3C[C@H](F)C4=CC(=O)C=C[C@]4(C)[C@@]3(F)[C@@H](O)C[C@]21C;Fluocinonide
CC(=O)OCC(=O)[C@@]12OC(C)(C)O[C@@H]1C[C@H]1[C@@H]3C[C@H](F)C4=CC(=O)C=C[C@]4(C)[C@@]3(F)[C@@H](O)C[C@]21C;Fluocinonide
[F];Fluorine
C=O;Formaldehyde
CC(C)=CCC\C(C)=C\CO;Geraniol
CC(=CCC/C(=C/CO)/C)C;Geraniol  
[GeH4];Germane
COC1=CC(OC)=C(Cl)C2=C1C(=O)[C@]1(O2)[C@H](C)CC(=O)C=C1OC;Griseofulvin
COC1=CC(OC)=C(Cl)C2=C1C(=O)[C@]1(O2)[C@H](C)CC(=O)C=C1OC;Griseofulvin
COC1=CC(OC)=C(Cl)C2=C1C(=O)[C@]1(O2)[C@H](C)CC(=O)C=C1OC;Griseofulvin
NC1=CC(=C(NCCO)C=C1)[N+]([O-])=O;HC Red No,3
CCCCCCC(O)=O;Heptanoic acid
CCCCCCC(O)=O;Heptanoic acid
CCCCCCCO;Heptanol
CCCCCCCO;Heptanol
CCCCCCCO;Heptanol
CCOP(=O)(OCC)OP(=O)(OCC)OP(=O)(OCC)OP(=O)(OCC)OCC;Hexaethyl tetraphosphate
CCCCCC(O)=O;Hexanoic acid
CCCCCC(O)=O;Hexanoic acid
CCCCCCO;Hexanol
CCCCCCO;Hexanol
CCCCCCO;Hexanol
CCCCCCO;Hexanol
CCCCCCOC(=O)C1=CC=CN=C1;Hexyl nicotinate
CCCCCCOC(=O)C1=CC=CN=C1;Hexyl nicotinate
N[C@@H](CC1=CN=CN1)C(O)=O;Histidine
C[C@]12C[C@H](O)[C@H]3[C@@H](CCC4=CC(=O)CC[C@]34C)[C@@H]1CC[C@]2(O)C(=O)CO;Hydrocortisone
C[C@]12C[C@H](O)[C@H]3[C@@H](CCC4=CC(=O)CC[C@]34C)[C@@H]1CC[C@]2(O)C(=O)CO;Hydrocortisone
C[C@]12C[C@H](O)[C@H]3[C@@H](CCC4=CC(=O)CC[C@]34C)[C@@H]1CC[C@]2(O)C(=O)CO;Hydrocortisone
C[C@]12C[C@H](O)[C@H]3[C@@H](CCC4=CC(=O)CC[C@]34C)[C@@H]1CC[C@]2(O)C(=O)CO;Hydrocortisone
CCC(=O)OCC(=O)[C@@]1(O)CC[C@H]2[C@@H]3CCC4=CC(=O)CC[C@]4(C)[C@H]3[C@@H](O)C[C@]12C;Hydrocortisone 21-propionate
C[C@]12CCC(=O)C=C1CC[C@@H]3[C@@H]2[C@H](C[C@]4([C@H]3CC[C@@]4(C(=O)COC(=O)CCCCCO)O)C)O;Hydrocortisone 6-hydroxyhexanoate
C[C@]12CCC(=O)C=C1CC[C@@H]3[C@@H]2[C@H](C[C@]4([C@H]3CC[C@@]4(C(=O)COC(=O)CCC(=O)N(C)C)O)C)O;Hydrocortisone N,N-dimethylsuccinamate
CCCCCC(=O)OCC(=O)[C@@]1(O)CC[C@H]2[C@@H]3CCC4=CC(=O)CC[C@]4(C)[C@H]3[C@@H](O)C[C@]12C;Hydrocortisone caproate
#HODNOTA!;Hydrocortisone hemipimelate
C[C@]12CCC(=O)C=C1CC[C@@H]3[C@@H]2[C@H](C[C@]4([C@H]3CC[C@@]4(C(=O)COC(=O)CCC(=O)O)O)C)O;Hydrocortisone hemisuccinate
C[C@]12C[C@H](O)[C@H]3[C@@H](CCC4=CC(=O)CC[C@]34C)[C@@H]1CC[C@]2(O)C(=O)COC(=O)CCC(O)=O;Hydrocortisone hemisuccinate
CCCCCCCC(=O)OC1CC(=O)C=C2CC[C@H]3[C@@H]4CC[C@](O)(C(=O)CO)[C@@]4(C)C[C@H](O)[C@@H]3[C@@]12C;Hydrocortisone octanoate
CCCCCCCC(=O)OCC(=O)[C@]1(CC[C@@H]2[C@@]1(C[C@@H]([C@H]3[C@H]2CCC4=CC(=O)CC[C@]34C)O)C)O;Hydrocortisone octanoate
C[C@]12CCC(=O)C=C1CC[C@@H]3[C@@H]2[C@H](C[C@]4([C@H]3CC[C@@]4(C(=O)COC(=O)CCCCCC(=O)N)O)C)O;Hydrocortisone pimelamate
C[C@]12CCC(=O)C=C1CC[C@@H]3[C@@H]2[C@H](C[C@]4([C@H]3CC[C@@]4(C(=O)COC(=O)CCC(=O)N)O)C)O;Hydrocortisone succinamate
N=[N+]=[N-];Hydrogen azide
C#N;Hydrogen cyanide
[SeH2];Hydrogen selenide
S;Hydrogen sulfide
[TeH2];Hydrogen telluride
CN1CC[C@@]23[C@H]4OC5=C2C(C[C@@H]1[C@@H]3CCC4=O)=CC=C5O;Hydromorphone
CN1CC[C@@]23[C@H]4OC5=C2C(C[C@@H]1[C@@H]3CCC4=O)=CC=C5O;Hydromorphone
CN1C(N)=NC2=C1C=CC1=NC=CC=C21;IQ
CC(C)CC1=CC=C(C=C1)C(C)C(O)=O;Ibuprofen
CC(C)CC1=CC=C(C=C1)C(C)C(O)=O;Ibuprofen
COC1=CC=C2N(C(=O)C3=CC=C(Cl)C=C3)C(C)=C(CC(O)=O)C2=C1;Indomethacin
COC1=CC=C2N(C(=O)C3=CC=C(Cl)C=C3)C(C)=C(CC(O)=O)C2=C1;Indomethacin
COC1=CC(\C=C\C)=CC=C1O;Isoeugenol
C1=CC=C2C=NC=CC2=C1;Isoquinoline
C1=CC=C2C=NC=CC2=C1;Isoquinoline
C[C@H](N)C(=O)N[C@@H](CC1=CNC2=C1C=CC=C2)C(O)=O;L-alanyl-L-tryptophan
CCN(CC)CC(=O)NC1=C(C)C=CC=C1C;Lidocaine
CCN(CC)CC(=O)NC1=C(C)C=CC=C1C;Lidocaine
NCCCCC(N)C(O)=O;Lysine
OC[C@@H](O)[C@@H](O)[C@H](O)[C@H](O)CO;Mannitol
OC[C@@H](O)[C@@H](O)[C@H](O)[C@H](O)CO;Mannitol
OC[C@@H](O)[C@@H](O)[C@H](O)[C@H](O)CO;Mannitol
OC[C@@H](O)[C@@H](O)[C@H](O)[C@H](O)CO;Mannitol
OC[C@@H](O)[C@@H](O)[C@H](O)[C@H](O)CO;Mannitol
OC[C@@H](O)[C@@H](O)[C@H](O)[C@H](O)CO;Mannitol
CCOC(=O)C1(CCN(C)CC1)C1=CC=CC=C1;Meperidine
CCOC(=O)C1(CCN(C)CC1)C1=CC=CC=C1;Meperidine
CO;Methanol
CO;Methanol
CO;Methanol
CO;Methanol
COS(C)(=O)=O;Methyl Methane sulfonate
COC(=O)C1=CC=C(O)C=C1;Methyl hydroxybenzoate
COC(=O)C1=CC=CN=C1;Methyl nicotinate
COC(=O)C1=CC=CN=C1;Methyl nicotinate
COC(=O)C1=CC=CN=C1;Methyl nicotinate
COC(=O)C1=CC=CN=C1;Methyl nicotinate
COC(=O)c1ccc(O)cc1;Methylhydroxybenzoate
CN1CC[C@@]23[C@H]4OC5=C2C(C[C@@H]1[C@@H]3C=C[C@@H]4O)=CC=C5O;Morphine
CN1CC[C@@]23[C@H]4OC5=C2C(C[C@@H]1[C@@H]3C=C[C@@H]4O)=CC=C5O;Morphine
CCN(CC)C(=O)C1=CC=CC(C)=C1;N,N-diethyl-m-toluamide
CCN(CC)C(=O)C1=CC=CC(C)=C1;N,N-diethyl-m-toluamide
CCN(CC)C(=O)C1=CC=CC(C)=C1;N,N-diethyl-m-toluamide
CCN(CC)C(=O)C1=CC=CC(C)=C1;N,N-diethyl-m-toluamide
CCN(CC)C(=O)C1=CC=CC(C)=C1;N,N-diethyl-m-toluamide
CCN(CC)C(=O)C1=CC=CC(C)=C1;N,N-diethyl-m-toluamide
CCN(CC)C(=O)C1=CC=CC(C)=C1;N,N-diethyl-m-toluamide
CCN(CC)C(=O)C1=CC=CC(C)=C1;N,N-diethyl-m-toluamide
CCN(CC)C(=O)C1=CC=CC(C)=C1;N,N-diethyl-m-toluamide
CCN(CC)C(=O)C1=CC=CC(C)=C1;N,N-diethyl-m-toluamide
CCN(CC)C(=O)C1=CC=CC(C)=C1;N,N-diethyl-m-toluamide
NC(=O)CC(=O)NCC1=C(Cl)C=C(Cl)C=C1;N-(2,4-dichlorobenzyl)malonamide
NC(=O)CC(=O)NCC1=C(Cl)C=C(Cl)C=C1;N-(2,4-dichlorobenzyl)malonamide
CC1=C(C=NC(=O)CC(N)=O)C=CC=C1;N-(2-methylbenzal)malonamide
CC1=C(C=NC(=O)CC(N)=O)C=CC=C1;N-(2-methylbenzal)malonamide
CCCCCCCCCCCCN(C)N=O;N-nitroso-N-methyldodecylamine
CCCCCCCCN1CCCCCC1=O;N-octyl-2-azacycloheptanone
C1=CC2=CC=CC=C2C=C1;Naphthalene
c1ccc2ccccc2c1;Naphthalene
COC1=CC=C2C=C(C=CC2=C1)[C@H](C)C(O)=O;Naproxen
COC1=CC=C2C=C(C=CC2=C1)[C@H](C)C(O)=O;Naproxen
COC1=CC=C2C=C(C=CC2=C1)[C@H](C)C(O)=O;Naproxen
COC1=CC=C2C=C(C=CC2=C1)[C@H](C)C(O)=O;Naproxen
[Ni].[C-]#[O+].[C-]#[O+].[C-]#[O+].[C-]#[O+];Nickel tetracarbonyl
OC(=NCCON(=O)=O)C1=CC=CN=C1;Nicorandil
OC(=NCCON(=O)=O)C1=CC=CN=C1;Nicorandil
CN1CCCC1C1=CC=CN=C1;Nicotine
CN1CCCC1C1=CC=CN=C1;Nicotine
CN1CCCC1C1=CC=CN=C1;Nicotine
CN1CCCC1C1=CC=CN=C1;Nicotine
OC(=O)C1=CC=CN=C1;Nicotinic Acid
OC(=O)C1=CC=CN=C1;Nicotinic acid
[O-][N+](=O)C1=CC=CC=C1;Nitrobenzene
O=[N]=O;Nitrogen dioxide
[O-][N+](=O)OCC(CO[N+]([O-])=O)O[N+]([O-])=O;Nitroglycerine
[O-][N+](=O)OCC(CO[N+]([O-])=O)O[N+]([O-])=O;Nitroglycerine
CCCCCCCCCO;Nonanol
CCCCCCCCCO;Nonanol
CCCCCCCC(O)=O;Octanoic acid
CCCCCCCC(O)=O;Octanoic acid
CCCCCCCCO;Octanol
CCCCCCCCO;Octanol
CCCCCCCCO;Octanol
CCCCCCCCO;Octanol
O=[Os](=O)(=O)=O;Osmium tetroxide
C[C@@H]1O[C@@H](O[C@H]2C[C@@H](O)[C@]3(CO)[C@H]4[C@H](O)C[C@]5(C)[C@H](CC[C@]5(O)[C@@H]4CC[C@]3(O)C2)C2=CC(=O)OC2)[C@H](O)[C@H](O)[C@H]1O;Ouabain
C[C@@H]1O[C@@H](O[C@H]2C[C@@H](O)[C@]3(CO)[C@H]4[C@H](O)C[C@]5(C)[C@H](CC[C@]5(O)[C@@H]4CC[C@]3(O)C2)C2=CC(=O)OC2)[C@H](O)[C@H](O)[C@H]1O;Ouabain
C[C@@H]1O[C@@H](O[C@H]2C[C@@H](O)[C@]3(CO)[C@H]4[C@H](O)C[C@]5(C)[C@H](CC[C@]5(O)[C@@H]4CC[C@]3(O)C2)C6=CC(=O)OC6)[C@H](O)[C@H](O)[C@H]1O;Ouabain
CCOC=C1N=C(OC1=O)C1=CC=CC=C1;Oxazolone
FOF;Oxygen difluoride
OCCOCCOCCOCCOCCOCCO;PEG 282
OCCOCCOCCOCCOCCOCCOCCO;PEG 326
OCCOCCOCCOCCOCCOCCOCCOCCO;PEG 370
OCCOCCOCCOCCOCCOCCOCCOCCO;PEG 370
OCCOCCOCCOCCOCCOCCOCCOCCOCCO;PEG 414
OCCOCCOCCOCCOCCOCCOCCOCCOCCOCCO;PEG 458
OCCOCCOCCOCCOCCOCCOCCOCCOCCOCCO;PEG 458
OCCOCCOCCOCCOCCOCCOCCOCCOCCOCCOCCO;PEG 502
OCCOCCOCCOCCOCCOCCOCCOCCOCCOCCOCCO;PEG 502
OCCOCCOCCOCCOCCOCCOCCOCCOCCOCCOCCOCCO;PEG 546
OCCOCCOCCOCCOCCOCCOCCOCCOCCOCCOCCOCCOCCO;PEG 590
OCCOCCOCCOCCOCCOCCOCCOCCOCCOCCOCCOCCOCCO;PEG 590
CN1C(N)=NC2=NC=C(C=C12)C1=CC=CC=C1;PHiP
CC1=C(N)C=CC(N)=C1;PTD
CCCCC(O)=O;Pentanoic acid
CCCCC(O)=O;Pentanoic acid
CCCCCO;Pentanol
CCCCCO;Pentanol
FC(F)=C(C(F)(F)F)C(F)(F)F;Perfluoroisobutylene
CCC1(C(=O)NC(=O)NC1=O)C1=CC=CC=C1;Phenobarbital
CCC1(C(=O)NC(=O)NC1=O)C1=CC=CC=C1;Phenobarbital
OC1=CC=CC=C1;Phenol
OC1=CC=CC=C1;Phenol
OC1=CC=CC=C1;Phenol
OC1=CC=CC=C1;Phenol
ClC(Cl)=O;Phosgene
P;Phosphine
FP(F)(F)(F)F;Phosphorus pentafluoride
CN1C(C(=O)NC2=CC=CC=N2)=C(O)C2=CC=CC=C2S1(=O)=O;Piroxicam
CN1C(C(=O)NC2=CC=CC=N2)=C(O)C2=CC=CC=C2S1(=O)=O;Piroxicam
CC(=O)[C@H]1CC[C@H]2[C@@H]3CCC4=CC(=O)CC[C@]4(C)[C@H]3CC[C@]12C;Progesterone
CC(=O)[C@H]1CC[C@H]2[C@@H]3CCC4=CC(=O)CC[C@]4(C)[C@H]3CC[C@]12C;Progesterone
CC(=O)[C@H]1CC[C@H]2[C@@H]3CCC4=CC(=O)CC[C@]4(C)[C@H]3CC[C@]12C;Progesterone
CCCO;Propanol
CCCO;Propanol
CCCO;Propanol
CCCO;Propanol
CC(C)NCC(O)COC1=C2C=CC=CC2=CC=C1;Propranolol
CC(C)NCC(O)COC1=C2C=CC=CC2=CC=C1;Propranolol
CC(C)NCC(O)COC1=C2C=CC=CC2=CC=C1;Propranolol
COC(=O)C1=C(C)NC(C)=C([C@@H]1c1cccc(c1)[N+]([O-])=O)C(=O)O[C@@H]1CCCN(Cc2ccccc2)C1;R,R-benidipin
OC1=CC(O)=CC=C1;Resorcinol
OC1=CC(O)=CC=C1;Resorcinol
COC(=O)C1=C(C)NC(C)=C([C@H]1c1cccc(c1)[N+]([O-])=O)C(=O)O[C@H]1CCCN(Cc2ccccc2)C1;S,S-benidipin
OC(=O)C1=CC=CC=C1O;Salicyclic acid
OC(=O)C1=CC=CC=C1O;Salicyclic acid
OC(=O)C1=CC=CC=C1O;Salicyclic acid
OC(=O)C1=CC=CC=C1O;Salicyclic acid
OC(=O)C1=CC=CC=C1O;Salicyclic acid
CN1C2CC(CC1C1OC21)OC(=O)C(CO)C1=CC=CC=C1;Scopolamine
CN1C2CC(CC1C1OC21)OC(=O)C(CO)C1=CC=CC=C1;Scopolamine
F[Se](F)(F)(F)(F)F;Selenium hexafluoride
Cl[Si](Cl)(Cl)Cl;Silicon tetrachloride
F[Si](F)(F)F;Silicon tetrafluoride
[SbH3];Stibine
C=CC1=CC=CC=C1;Styrene
C=CC1=CC=CC=C1;Styrene
OC[C@H]1O[C@@](CO)(O[C@H]2O[C@H](CO)[C@@H](O)[C@H](O)[C@H]2O)[C@@H](O)[C@@H]1O;Sucrose
OC[C@H]1O[C@@](CO)(O[C@H]2O[C@H](CO)[C@@H](O)[C@H](O)[C@H]2O)[C@@H](O)[C@@H]1O;Sucrose
CCC(=O)N(C1=CC=CC=C1)C1(COC)CCN(CCC2=CC=CS2)CC1;Sufentanil
CCC(=O)N(C1=CC=CC=C1)C1(COC)CCN(CCC2=CC=CS2)CC1;Sufentanil
FS(F)(F)F;Sulfur tetrafluoride
CC(C)CC(=O)O[C@H]1C[C@@]2(COC(C)=O)[C@H](O[C@@H]3[C@H](O)[C@@H](OC(C)=O)[C@@]2(C)[C@@]32CO2)C=C1C;T-2toxin
CC(C)CC(=O)O[C@H]1C[C@@]2(COC(C)=O)[C@H](O[C@@H]3[C@H](O)[C@@H](OC(C)=O)[C@@]2(C)[C@@]32CO2)C=C1C;T-2toxin
F[Te](F)(F)(F)(F)F;Tellurium hexafluoride
C[C@]12CC[C@H]3[C@@H](CCC4=CC(=O)CC[C@]34C)[C@@H]1CC[C@@H]2O;Testosterone
C[C@]12CC[C@H]3[C@@H](CCC4=CC(=O)CC[C@]34C)[C@@H]1CC[C@@H]2O;Testosterone
C[C@]12CC[C@H]3[C@@H](CCC4=CC(=O)CC[C@]34C)[C@@H]1CC[C@@H]2O;Testosterone
C[C@]12CC[C@H]3[C@@H](CCC4=CC(=O)CC[C@]34C)[C@@H]1CC[C@@H]2O;Testosterone
C[C@]12CC[C@H]3[C@@H](CCC4=CC(=O)CC[C@]34C)[C@@H]1CC[C@@H]2O;Testosterone
CCOP(=S)(OCC)OP(=S)(OCC)OCC;Tetraethyl dithiopyrophosphate
CCOP(=O)(OCC)OP(=O)(OCC)OCC;Tetraethyl pyrophosphate
CN(C)C(=S)SSC(=S)N(C)C;Tetramethylthiuramdisulfide
OC(=O)CS;Thioglycolic acid
CC(C)C1=CC=C(C)C=C1O;Thymol
CC(C)C1=CC=C(C)C=C1O;Thymol
CC1=CC=CC=C1;Toluene
CC1=CC=CC=C1;Toluene
ClC(Cl)Cl;Trichloromethane
ClC(Cl)Cl;Trichloromethane
FC(F)(F)C(Cl)=O;Trifluoroacetyl chloride
F[W](F)(F)(F)(F)F;Tungsten hexafluoride
NC(=N)O;Urea
NC(N)=O;Urea
NC(N)=O;Urea
COC1=CC(C=O)=CC=C1O;Vanillin
O;Water
O;Water
O;Water
O;Water
O;Water
O;Water
O;Water
O;Water
O;Water
O;Water
O;Water
O;Water
O;Water
O;Water
O;Water
O;Water
O;Water
CC(O)=O;aceticacid
CC(C)=O;acetone
CC(C)=O;acetone 
C#C;acetylene
OC(=O)C=C;acrylic acid
C=CC#N;acrylonitrile
NC1=NC(=O)C2=C(N1)N(COCCO)C=N2;acyclovir
NC1=C2N=CN([C@@H]3O[C@H](CO)[C@@H](O)[C@H]3O)C2=NC=N1;adenosine
NC1=C2N=CN([C@@H]3O[C@H](CO)[C@@H](O)[C@H]3O)C2=NC=N1;adenosine
NC1=C2N=CN([C@@H]3O[C@H](CO)[C@@H](O)[C@H]3O)C2=NC=N1;adenosine
NC1=C2N=CN([C@@H]3O[C@H](CO)[C@@H](O)[C@H]3O)C2=NC=N1;adenosine
NC1=C2N=CN([C@@H]3O[C@H](CO)[C@@H](O)[C@H]3O)C2=NC=N1;adenosine
NC1=C2N=CN([C@@H]3O[C@H](CO)[C@@H](O)[C@H]3O)C2=NC=N1;adenosine
NC1=C2N=CN([C@@H]3O[C@H](CO)[C@@H](O)[C@H]3O)C2=NC=N1;adenosine
NC1=C2N=CN([C@@H]3O[C@H](CO)[C@@H](O)[C@H]3O)C2=NC=N1;adenosine
NC1=C2N=CN([C@@H]3O[C@H](CO)[C@@H](O)[C@H]3O)C2=NC=N1;adenosine
NC1=C2N=CN([C@@H]3O[C@H](CO)[C@@H](O)[C@H]3O)C2=NC=N1;adenosine
COC1=C2C3=C(C(=O)CC3)C(=O)OC2=C2[C@@H]3C=CO[C@@H]3OC2=C1;aflatoxinB1
[C@]12CCC(=O)C=C1CC[C@H]1[C@@H]3CC[C@H](C(=O)CO)[C@]3(C[C@H](O)[C@H]21)C=O;aldosterone
CN(C)C1=C(C)N(C)N(C1=O)C1=CC=CC=C1;aminopyrine
N;ammonia
CCC1(CCC(C)C)C(=O)NC(=O)NC1=O;amobarbital
NC1=CC=CC=C1;aniline
NC1=CC=CC=C1;aniline 
[Ar];argon
[Ar];argon
CC(=O)Oc1ccccc1C(=O)O;aspirine
CC(C)NCC(O)COC1=CC=C(CC(N)=O)C=C1;atenolol
CN1[C@@H]2CC[C@H]1C[C@H](C2)OC(=O)C(CO)c3ccccc3;atropine
CN1[C@H]2CC[C@@H]1C[C@@H](C2)OC(=O)C(CO)C1=CC=CC=C1;atropine
CCC1(CC)C(=O)NC(=O)NC1=O;barbital
O=CC1=CC=CC=C1;benzaldehyde
C1=CC=C2C(=C1)C=C1C=CC3=CC=CC4=CC=C2C1=C34;benzo_a_pyrene
c1ccc(cc1)C(=O)O;benzoic acid
COC1=CC=C(C(=O)C2=CC=CC=C2)C(O)=C1;benzophenone-3
COC1=CC=C(C(=O)C2=CC=CC=C2)C(O)=C1;benzophenone-3
COC1=CC=C(C(=O)C2=CC=CC=C2)C(O)=C1;benzophenone-3
C1=CC=C2C(=C1)C=C1C=CC3=CC=CC4=CC=C2C1=C34;benzopyrene
CN1[C@@H]2CC[C@@H]1CC(C2)OC(C1=CC=CC=C1)C1=CC=CC=C1;benztropine
OCC1=CC=CC=C1;benzyl alcohol
OCC1=CC=CC=C1;benzylalcohol 
CC(C)COCC(CN(CC1=CC=CC=C1)C1=CC=CC=C1)N1CCCC1;bepridil
CC(C)COCC(CN(CC1=CC=CC=C1)C1=CC=CC=C1)N1CCCC1;bepridil
CC(C)COCC(CN(CC1=CC=CC=C1)C1=CC=CC=C1)N1CCCC1;bepridil
CC(C)COCC(CN(CC1=CC=CC=C1)C1=CC=CC=C1)N1CCCC1;bepridil
CC(C)COCC(CN(CC1=CC=CC=C1)C1=CC=CC=C1)N1CCCC1;bepridil
CC(C)COCC(CN(CC1=CC=CC=C1)C1=CC=CC=C1)N1CCCC1;bepridil
CC(C)COCC(CN(CC1=CC=CC=C1)C1=CC=CC=C1)N1CCCC1;bepridil
CC(C)COCC(CN(CC1=CC=CC=C1)C1=CC=CC=C1)N1CCCC1;bepridil
CC(C)COCC(CN(CC1=CC=CC=C1)C1=CC=CC=C1)N1CCCC1;bepridil
CC(C)COCC(CN(CC1=CC=CC=C1)C1=CC=CC=C1)N1CCCC1;bepridil
CC(C)COCC(CN(CC1=CC=CC=C1)C1=CC=CC=C1)N1CCCC1;bepridil
CC(C)COCC(CN(CC1=CC=CC=C1)C1=CC=CC=C1)N1CCCC1;bepridil
CC(C)COCC(CN(CC1=CC=CC=C1)C1=CC=CC=C1)N1CCCC1;bepridil
CC(C)COCC(CN(CC1=CC=CC=C1)C1=CC=CC=C1)N1CCCC1;bepridil
CC(C)COCC(CN(CC1=CC=CC=C1)C1=CC=CC=C1)N1CCCC1;bepridil
CC(C)COCC(CN(CC1=CC=CC=C1)C1=CC=CC=C1)N1CCCC1;bepridil
CC(C)COCC(CN(CC1=CC=CC=C1)C1=CC=CC=C1)N1CCCC1;bepridil
CC(C)COCC(CN(CC1=CC=CC=C1)C1=CC=CC=C1)N1CCCC1;bepridil
CC(C)COCC(CN(CC1=CC=CC=C1)C1=CC=CC=C1)N1CCCC1;bepridil
C[C@H]1C[C@H]2[C@@H]3CCC4=CC(=O)C=C[C@]4(C)[C@@]3(F)[C@@H](O)C[C@]2(C)[C@@]1(O)C(=O)CO;betamethasone
CCCCC(=O)O[C@@]1([C@@H](C)C[C@H]2[C@@H]3CCC4=CC(=O)C=C[C@]4(C)[C@@]3(F)[C@@H](O)C[C@]12C)C(=O)CO;betamethasone17-valerate
CC(C)NCC(O)COC1=CC=C(CCOCC2CC2)C=C1;betaxolol
OC(=O)CBr;bromoaceticacid
OC(=O)C(Cl)Br;bromochloroaceticacid
ClC(Br)C#N;bromochloroacetonitrile
ClC(Cl)Br;bromodichloromethane
BrC(Br)Br;bromoform
CCCC;butane
CCCC(O)=O;butanoic acid
CCCCO;butanol
CCCCC1(CC)C(=O)NC(=O)NC1=O;butobarbital
CCCCN;butylamine
CCCCOC(=O)C1=CC=C(N)C=C1;butylp-aminobenzoate
CCCCOC(=O)C1=CC=C(O)C=C1;butylparaben
O=C1CCCO1;butyrolactone
O=C=O;carbon dioxide
[C-]#[O+];carbon monoxide
OC1=CC=CC=C1O;catechol
OC(O)C(Cl)(Cl)Cl;chloralhydrate
OC(=O)CCl;chloroaceticacid
ClCC#N;chloroacetonitrile
ClC(Br)Br;chlorodibromomethane
C(F)Cl;chlorofluoromethane
CC1=CC(O)=CC(C)=C1Cl;chloroxylenol
CN(C)CCC(C1=CC=C(Cl)C=C1)C1=CC=CC=N1;chlorpheniramine
OC(=N)\C=C\C1=CC=CC=C1;cinnamamide
C[C@H]1OC=C2C(O)=C(C(O)=O)C(=O)C(C)=C2[C@@H]1C;citrinin
COC1=CC=C2C[C@@H]3[C@@H]4C=C[C@H](O)[C@@H]5OC1=C2[C@]45CCN3C;codeine
C[C@]12CC[C@H]3[C@@H](CCC4=CC(=O)CC[C@]34C)[C@@H]1CC[C@]2(O)C(=O)CO;cortexolone
C[C@]12CC[C@H]3[C@@H](CCC4=CC(=O)CC[C@]34C)[C@@H]1CC[C@]2(O)C(=O)CO;cortexolone
C[C@]12CC[C@H]3[C@@H](CCC4=CC(=O)CC[C@]34C)[C@@H]1CC[C@@H]2C(=O)CO;cortexone
C[C@]12CC[C@H]3[C@@H](CCC4=CC(=O)CC[C@]34C)[C@@H]1CC[C@@H]2C(=O)CO;cortexone
C[C@]12C[C@H](O)[C@H]3[C@@H](CCC4=CC(=O)CC[C@]34C)[C@@H]1CC[C@@H]2C(=O)CO;corticosterone
C[C@]12CC(=O)[C@H]3[C@@H](CCC4=CC(=O)CC[C@]34C)[C@@H]1CC[C@]2(O)C(=O)CO;cortisone
C[C@]12CC(=O)[C@H]3[C@@H](CCC4=CC(=O)CC[C@]34C)[C@@H]1CC[C@]2(O)C(=O)CO;cortisone
O=C1OC2=CC=CC=C2C=C1;coumarin
CCC1(C(O)=NC(=O)N=C1O)C1=CCCCC1;cyclobarbitone
C1CCCCC1;cyclohexane
ClCCN(CCCl)[P]1(=O)NCCCO1;cyclophosphamide
NC1=NC(=O)N(C=C1)[C@@H]1O[C@H](CO)[C@@H](O)[C@@H]1O;cytarabine
OC1=CC=C(C=C1)C1=COC2=CC(O)=CC=C2C1=O;daidzein
CCCCCCCCCCO;decanol
CCOP(=S)(OCC)OC1=CC(C)=NC(=N1)C(C)C;diazinon
OC(=O)C(Br)Br;dibromoaceticacid
BrC(Br)C#N;dibromoacetonitrile
ClCl;dichlorine
ClCl;dichlorine
OC(=O)C(Cl)Cl;dichloroaceticacid
ClC(Cl)C#N;dichloroacetonitrile
OC(=O)CC1=CC=CC=C1NC1=C(Cl)C=CC=C1Cl;diclofenac
CCNCC;diethylamine
CCN(CC)C(=O)N1CCN(C)CC1;diethylcarbamazine
CCOCC;diethylether
FF;difluorine
C[C@H]1O[C@H](C[C@H](O)[C@@H]1O)O[C@H]1[C@@H](O)C[C@H](O[C@H]2[C@@H](O)C[C@H](O[C@H]3CC[C@@]4(C)[C@H](CC[C@@H]5[C@@H]4CC[C@]4(C)[C@H](CC[C@]54O)C4=CC(=O)OC4)C3)O[C@@H]2C)O[C@@H]1C;digitoxin
[H][H];dihydrogen
CNC(=O)CSP(=S)(OC)OC;dimethoate
COC(=O)C1=CC=CC=C1C(=O)OC;dimethylphthalate
COC(=O)C1=CC=CC=C1C(=O)OC;dimethylphthalate
COC(=O)C1=CC=CC=C1C(=O)OC;dimethylphthalate
CCC(O)OC(CC)O;dipropylene glycol
CCC(O)OC(CC)O;dipropylene glycol
CN[C@@H](C)[C@H](O)C1=CC=CC=C1;ephedrine
ClCC1CO1;epichlorohydrin
CC[C@H]1OC(=O)[C@H](C)[C@@H](O[C@H]2C[C@@](C)(OC)[C@@H](O)[C@H](C)O2)[C@H](C)[C@@H](O[C@@H]2O[C@H](C)C[C@@H]([C@H]2O)N(C)C)[C@](C)(O)C[C@@H](C)C(=O)[C@H](C)[C@@H](O)[C@]1(C)O;erythromycin
C[C@]12CC[C@H]3[C@@H](CCC4=CC(O)=CC=C34)[C@@H]1CC[C@@H]2O;estradiol
C[C@]12CC[C@H]3[C@@H](CCC4=CC(O)=CC=C34)[C@@H]1C[C@@H](O)[C@@H]2O;estriol
C[C@]12CC[C@H]3[C@@H](CCC4=CC(O)=CC=C34)[C@@H]1C[C@@H](O)[C@@H]2O;estriol
C[C@]12CC[C@H]3[C@@H](CCc4cc(O)ccc34)[C@@H]1C[C@@H](O)[C@@H]2O;estriol
C[C@]12CC[C@H]3[C@@H](CCC4=CC(O)=CC=C34)[C@@H]1CCC2=O;estrone
C[C@]12CC[C@H]3[C@@H](CCC4=CC(O)=CC=C34)[C@@H]1CCC2=O;estrone
CCC(=C)C(=O)C1=CC=C(OCC(O)=O)C(Cl)=C1Cl;ethacrynicacid
CC;ethane
CCO;ethanol
CCOC(=O)C(=CC1=CC=CC=C1)C#N;ethyl benzalcyanoacetate
CCC1=CC=CC=C1;ethyl benzene
CCOC(=O)\C=C\C1=CC=CC=C1;ethyl cinnamate
CCOCC;ethyl ether
C=C;ethylene
OCCO;ethylene glycol
OCCO;ethylene glycol
COCCOC(C)=O;ethyleneglycolmonomethyletheracetate
OCCOCCC;ethyleneglycolmonon-propylether
CCCCCCC(=CCC)C([O-])=O;ethylhexylacrylate
CCOC(=O)C1=CC=C(N)C=C1;ethylp-aminobenzoate
CCC1=C2NC3=C(CCOC3(CC)CC(O)=O)C2=CC=C1;etodolac
CCC[C@@](C)(O)[C@H]1C[C@]23C=C[C@]1(OC)[C@@H]1OC4=C5C(C[C@H]2N(C)CC[C@@]315)=CC=C4O;etorphine
NC(N)=NC1=NC(CSCCC(N)=NS(N)(=O)=O)=CS1;famotidine
CCC(=O)N(C1CCN(CCC2=CC=CC=C2)CC1)C1=CC=CC=C1;fentanyl
CCCCOC(=O)C(C)OC1=CC=C(OC2=CC=C(C=N2)C(F)(F)F)C=C1;fluazifop-butyl
CCCCOC(=O)C(C)OC1=CC=C(OC2=CC=C(C=N2)C(F)(F)F)C=C1;fluazifop-butyl
CCCCOC(=O)C(C)OC1=CC=C(OC2=CC=C(C=N2)C(F)(F)F)C=C1;fluazifop-butyl
OC(=O)C1=CC=CC=C1NC1=CC=CC(=C1)C(F)(F)F;flufenamicacid
CC(=O)OCC(=O)[C@@]12OC(C)(C)O[C@@H]1C[C@H]1[C@@H]3C[C@H](F)C4=CC(=O)C=C[C@]4(C)[C@@]3(F)[C@@H](O)C[C@]21C;fluocinonide
CC(=O)OCC(=O)[C@@]12OC(C)(C)O[C@@H]1C[C@H]3[C@@H]4C[C@H](F)C5=CC(=O)C=C[C@]5(C)[C@@]4(F)[C@@H](O)C[C@]23C;fluocynonide
CC(=O)OCC(=O)[C@@]12OC(C)(C)O[C@@H]1C[C@H]3[C@@H]4C[C@H](F)C5=CC(=O)C=C[C@]5(C)[C@@]4(F)[C@@H](O)C[C@]23C;fluocynonide
CNCCC(OC1=CC=C(C=C1)C(F)(F)F)C1=CC=CC=C1;fluoxetine
CC(C(O)=O)C1=CC=C(C(F)=C1)C1=CC=CC=C1;flurbiprofen
CC(C(=O)O[C@@H]1O[C@H](CO)[C@@H](O)[C@H](O)[C@H]1O)C1=CC(F)=C(C=C1)C1=CC=CC=C1;flurbiprofenglucoside
CC(C(=O)O[C@@H]1O[C@H](CO)[C@@H](O)[C@H](O)[C@@H]1O)C1=CC=C(C=C1)C1=CC=CC=C1;flurbiprofenmannoside
C=O;formaldehyde
OC1=CC=C(C=C1)C1=COC2=CC(O)=CC(O)=C2C1=O;genistein
OCC(O)CO;glycerol 
OC1(CCN(CCCC(=O)C2=CC=C(F)C=C2)CC1)C1=CC=C(Cl)C=C1;haloperidol
[He];helium
CCCCCCC(O)=O;heptanoic acid
ClC1=C(Cl)C(Cl)=C(Cl)C(Cl)=C1Cl;hexachlorobenzene 
CCCCCC(O)=O;hexanoic acid
C[C@]12C[C@H](O)[C@H]3[C@@H](CCC4=CC(=O)CC[C@]34C)[C@@H]1CC[C@]2(O)C(=O)CO;hydrocortisone
C[C@]12C[C@H](O)[C@H]3[C@@H](CCC4=CC(=O)CC[C@]34C)[C@@H]1CC[C@]2(O)C(=O)CO;hydrocortisone
CCCCCC(=O)OCC(=O)C1(CCC2C1(CC(C3C2CCC4=CC(=O)CCC34C)O)C)O;hydrocortisone caproate
CCCCCCCC(=O)OCC(=O)C1(CCC2C1(CC(C3C2CCC4=CC(=O)CCC34C)O)C)O;hydrocortisone oct
CCCCCCCC(=O)OCC(=O)C1(CCC2C1(CC(C3C2CCC4=CC(=O)CCC34C)O)C)O;hydrocortisone oct
CCCCCC(=O)OC1CC(=O)C=C2CC[C@H]3[C@@H]4CC[C@](O)(C(=O)CO)[C@@]4(C)C[C@H](O)[C@@H]3[C@@]12C;hydrocortisonehexanoate
CCCCCCCC(=O)OC1CC(=O)C=C2CC[C@H]3[C@@H]4CC[C@](O)(C(=O)CO)[C@@]4(C)C[C@H](O)[C@@H]3[C@@]12C;hydrocortisoneoctanoate
CCC(=O)OC1CC(=O)C=C2CC[C@H]3[C@@H]4CC[C@](O)(C(=O)CO)[C@@]4(C)C[C@H](O)[C@@H]3[C@@]12C;hydrocortisonepropionate
C[C@]12CCC(=O)C=C1CC[C@@H]3[C@@H]2[C@H](C[C@]4([C@H]3CC[C@@]4(C(=O)COC(=O)CCCCCC(=O)O)O)C)O;hydrocortisone 21-hemipimelate
HCl;hydrogen chloride
CN1CC[C@@]23[C@H]4OC5=C2C(C[C@@H]1[C@@H]3CCC4=O)=CC=C5O;hydromorphone
OC1=CC=C(O)C=C1;hydroquinone
CC(=O)[C@@]1(O)CCC2C3CCC4=CC(=O)CCC4(C)C3CCC12C;hydroxy progesterone
CC(=O)[C@@]1(O)CCC2[C@@H]3CC=C4C[C@@H](O)CC[C@]4(C)[C@H]3CC[C@]12C;hydroxypregnenolone
CC(=O)[C@@]1(O)CCC2[C@@H]3CC=C4C[C@@H](O)CC[C@]4(C)[C@H]3CC[C@]12C;hydroxypregnenolone
CC(=O)[C@@]1(O)CC[C@H]2[C@@H]3CCC4=CC(=O)CC[C@]4(C)[C@H]3CC[C@]12C;hydroxyprogesterone
CC(C)Cc1ccc(cc1)C(C)C(=O)O;ibuprofen
COC1=CC=C2N(C(=O)C3=CC=C(Cl)C=C3)C(C)=C(CC(O)=O)C2=C1;indomethacin
CC(C)C1=CC=C(C)C(O)=C1;iso-thymol
CC(C)C1=CC=C(C)C(O)=C1;iso-thymol
CC(C)C1=CC=C(C)C(O)=C1;iso-thymol
c1cnccc1C(=O)O;isoNicotinic Acid
c1cnccc1C(=O)O;isoNicotinic Acid
CC(C)N;isopropyl amine
CC(C)N;isopropyl amine
CC(C)O;isopropylalcohol
C1=CC=C2C=NC=CC2=C1;isoquinoline
CCC(=O)C1(CCN(C)CC1)C1=CC=CC(O)=C1;ketobemidone
CCC(=O)C1(CCN(C)CC1)C1=CC=CC(O)=C1;ketobemidone
CCC(=O)C1(CCN(C)CC1)C1=CC=CC(O)=C1;ketobemidone
CCC(=O)C1(CCN(C)CC1)C1=CC=CC(O)=C1;ketobemidone
CCC(=O)C1(CCN(C)CC1)C1=CC=CC(O)=C1;ketobemidone
CC(C(O)=O)C1=CC=CC(=C1)C(=O)C1=CC=CC=C1;ketoprofen
OC(=O)C1CCN2C1=CC=C2C(=O)C1=CC=CC=C1;ketorolac
OC(=O)C1CCN2C1=CC=C2C(=O)C1=CC=CC=C1;ketorolac
OC(=O)C1CCN2C1=CC=C2C(=O)C1=CC=CC=C1;ketorolac
OC(=O)C1CCN2C1=CC=C2C(=O)C1=CC=CC=C1;ketorolac
OC(=O)C1CCN2C1=CC=C2C(=O)C1=CC=CC=C1;ketorolac
OC(=O)C1CCN2C1=CC=C2C(=O)C1=CC=CC=C1;ketorolac
OC(=O)C1CCN2C1=CC=C2C(=O)C1=CC=CC=C1;ketorolac
OC(=O)C1CCN2C1=CC=C2C(=O)C1=CC=CC=C1;ketorolac
OC(=O)C1CCN2C1=CC=C2C(=O)C1=CC=CC=C1;ketorolac
OC(=O)C1CCN2C1=CC=C2C(=O)C1=CC=CC=C1;ketorolac
OC(=O)C1CCN2C1=CC=C2C(=O)C1=CC=CC=C1;ketorolac
OC(=O)C1CCN2C1=CC=C2C(=O)C1=CC=CC=C1;ketorolac
OC(=O)C1CCN2C1=CC=C2C(=O)C1=CC=CC=C1;ketorolac
OC(=O)C1CCN2C1=CC=C2C(=O)C1=CC=CC=C1;ketorolac
[Kr];krypton
N[C@@H](CC1=CC=C(O)C(O)=C1)C(O)=O;levodopa
CC\C=C/C\C=C/C\C=C/CCCCCCCC(O)=O;linolenicacid
CN1C(=C(O)NC2=CC=CC=N2)C(=O)C2=C(C=C(Cl)S2)S1(=O)=O;lornoxicam
CC1=CC=CC(O)=C1;m-Cresol
CC1=CC=CC(O)=C1;m-Cresol
CC1=CC=CC(O)=C1;m-cresol
CC1=CC=CC(O)=C1;m-methylphenol
CCOC(=O)C1(CCN(C)CC1)C1=CC=CC=C1;meperidine
C;methane
CO;methanol
CO;methanol
CO;methanol 
CNC(=O)OC1=CC(C)=C(SC)C(C)=C1;methiocarb
CN(CC1=CN=C2N=C(N)N=C(N)C2=N1)C1=CC=C(C=C1)C(=O)N[C@@H](CCC(O)=O)C(O)=O;methotrexate
CN(CC1=CN=C2N=C(N)N=C(N)C2=N1)C1=CC=C(C=C1)C(=O)N[C@@H](CCC(O)=O)C(O)=O;methotrexate
COCCO;methotyethanol
COCCO;methotyethanol
COC(=O)C1=CC=C(O)C=C1;methyl-4-hydroxy benzoate
COC(=O)CCCCCC(=O)OC(O)C(=O)[C@@]1(O)CC[C@H]2[C@@H]3CCC4=CC(=O)CC[C@]4(C)[C@H]3[C@@H](O)C[C@]12C;methyl-hydrocortisone-21-yl-pimelate
COC(=O)CCC(=O)OC(O)C(=O)[C@@]1(O)CC[C@H]2[C@@H]3CCC4=CC(=O)CC[C@]4(C)[C@H]3[C@@H](O)C[C@]12C;methyl-hydrocortisone-21-yl-succinate
COC(=O)CC1=CC=C(O)C=C1;methyl4-hydroxyphenylacetate
COC(=O)C1=CC=C(N)C=C1;methylp-aminobenzoate
COC(=O)C1=CC=C(O)C=C1;methylparaben
COC(=O)C1=CC=CC=C1O;methylsalicylate
COC(=O)C1=CC=CC=C1O;methylsalicylate
COC(=O)C1=CC=CC=C1O;methylsalicylate
COCCC1=CC=C(OCC(O)CNC(C)C)C=C1;metoprolol
CNN;monomethylhydrazine
CNN;monomethylhydrazine
CN1CC[C@@]23[C@H]4OC5=C2C(C[C@@H]1[C@@H]3C=C[C@@H]4O)=CC=C5O;morphine
C1COCCN1;morpholine
C1COCCN1;morpholine
OCCN(CCO)N=O;n-Nitrosodiethanolamine
OCCN(CCO)N=O;n-Nitrosodiethanolamine
CCCCO;n-butanol
CCCCCCCCCCO;n-decanol
CCCCCCCO;n-heptanol
CCCCCCO;n-hexanol
OCCN(CCO)N=O;n-nitrosodiethanolamine
CCCCCCCCCO;n-nonanol
CCCCCCCCO;n-octanol
CCCCCO;n-pentanol
CCCO;n-propanol
OC1=CC=C2C[C@H]3N(CC=C)CC[C@@]45[C@@H](OC1=C24)C(=O)CC[C@@]35O;naloxone
COC1=CC=C2C=C(C=CC2=C1)[C@H](C)C(O)=O;naproxen
C[C@@H](c1ccc2cc(ccc2c1)OC)C(=O)O;naproxen
[Ne];neon
COC(=O)C1=C(C)NC(C)=C(C1C1=CC=CC(=C1)[N+]([O-])=O)C(=O)OCCN(C)CC1=CC=CC=C1;nicardipine
CN1CCCC1C1=CC=CN=C1;nicotine
CN1CCCC1C1=CC=CN=C1;nicotine
CN1CCC[C@H]1c2cccnc2;nicotine
CS(=O)(=O)NC1=CC=C(C=C1OC1=CC=CC=C1)[N+]([O-])=O;nimesulide
[N]=O;nitric oxide
c1ccc(cc1)[N+](=O)[O-];nitrobenzene
[O-][N+](=O)C1CCCCC1;nitrocyclohexane
N#N;nitrogen
O=[N]=O;nitrogen dioxide
N(F)(F)F;nitrogen trifluoride
[O-][N+](=O)OCC(CO[N+]([O-])=O)O[N+]([O-])=O;nitroglycerine
[N-]=[N+]=O;nitrous oxide
CN\C(NCCSCC1=CSC(CN(C)C)=N1)=C/[N+]([O-])=O;nizatidine
CNCCC=C1C2=CC=CC=C2CCC2=CC=CC=C12;nortriptyline
CC1=C(O)C=CC=C1;o-Cresol
CC1=C(O)C=CC=C1;o-Cresol
NC1=C(N)C=CC=C1;o-Phenylenediamine
NC1=C(N)C=CC=C1;o-Phenylenediamine
CC1=C(O)C=CC=C1;o-cresol
CC1=C(O)C=CC=C1;o-methylphenol
OC1=C(C=CC=C1)[N+]([O-])=O;o-nitrophenol
CC(C)(C)C1=C(O)C=CC=C1;o-t-butylphenol
CC(C)(C)C1=C(O)C=CC=C1;o-t-butylphenol
CC(C)(C)C1=C(O)C=CC=C1;o-t-butylphenol
CC1=C(N)C=CC=C1;o-toluidine
CC1=C(N)C=CC=C1;o-toluidine
CC1=C(C=CC=C1)C#N;o-tolunitrile
C[C@@H]1CC2=C(Cl)C=C(C(=O)N[C@@H](CC3=CC=CC=C3)C(O)=O)C(O)=C2C(=O)O1;ochratoxinA
CCCCCCCC(O)=O;octanoic acid
CCCCCCCCO;octanol
CCCCCCCCOC(=O)C1=CC=C(O)C=C1;octylparaben
CCCCCCCC\C=C/CCCCCCCC(O)=O;oleicacid
C[C@@H]1O[C@@H](O[C@H]2C[C@@H](O)[C@]3(CO)[C@H]4[C@H](O)C[C@]5(C)[C@H](CC[C@]5(O)[C@@H]4CC[C@]3(O)C2)C2=CC(=O)OC2)[C@H](O)[C@H](O)[C@H]1O;ouabain
CC(C)NCC(O)COC1=CC=CC=C1OCC=C;oxprenolol
CC1=CC=C(O)C=C1;p-Cresol
CC1=CC=C(O)C=C1;p-Cresol
NC1=CC=C(N)C=C1;p-Phenylenediamine
NC1=CC=C(N)C=C1;p-Phenylenediamine
CC1=CC=C(O)C=C1;p-cresol
CCC1=CC=C(O)C=C1;p-ethylphenol
OC1=CC=C(I)C=C1;p-iodophenol
CC1=CC=C(O)C=C1;p-methylphenol
CCCCC1=CC=C(O)C=C1;p-n-butylphenol
CCCCC1=CC=C(O)C=C1;p-n-butylphenol
CCCCC1=CC=C(O)C=C1;p-n-butylphenol
CC1=CC=C(N)C=C1;p-toluidine
CC(C)(C)[C@H](O)[C@H](CC1=CC=C(Cl)C=C1)N1C=NC=N1;paclobutrazol
OC1=C(Cl)C(Cl)=C(Cl)C(Cl)=C1Cl;pentachlorophenol
CCCCC(O)=O;pentanoic acid
FCl(=O)(=O)=O;perchloroyl fluoride
CCC1(C(=O)NC(=O)NC1=O)C1=CC=CC=C1;phenobarbital
OC1=CC=CC=C1;phenol
C(Oc1ccccc1)C2CO2;phenylglycidyl ether
C(Oc1ccccc1)C2CO2;phenylglycidyl ether
OC1=CC(O)=CC(O)=C1;phloroglucinol
O=C1NC(=O)C2=CC=CC=C12;phthalimide
CNC(=O)OC1=CC=C2N(C)[C@H]3N(C)CC[C@@]3(C)C2=C1;physostigmine
CNC(=O)OC1=CC=C2N(C)[C@H]3N(C)CC[C@@]3(C)C2=C1;physostigmine
CNC(=O)OC1=CC=C2N(C)[C@H]3N(C)CC[C@@]3(C)C2=C1;physostigmine
CNC(=O)OC1=CC=C2N(C)[C@H]3N(C)CC[C@@]3(C)C2=C1;physostigmine
CNC(=O)OC1=CC=C2N(C)[C@H]3N(C)CC[C@@]3(C)C2=C1;physostigmine
CNC(=O)OC1=CC=C2N(C)[C@H]3N(C)CC[C@@]3(C)C2=C1;physostigmine
CNC(=O)OC1=CC=C2N(C)[C@H]3N(C)CC[C@@]3(C)C2=C1;physostigmine
CN(C)C(=O)OC1=NC(=NC(C)=C1C)N(C)C;pirimicarb
C[C@]12C[C@H](O)[C@H]3[C@@H](CCC4=CC(=O)C=C[C@]34C)[C@@H]1CC[C@]2(O)C(=O)CO;prednisolone
CC(=O)[C@H]1CC[C@H]2[C@@H]3CC=C4C[C@@H](O)CC[C@]4(C)[C@H]3CC[C@]12C;pregnenolone
CC(=O)[C@H]1CC[C@H]2[C@@H]3CC=C4C[C@@H](O)CC[C@]4(C)[C@H]3CC[C@]12C;pregnenolone
CC(=O)[C@H]1CC[C@H]2[C@@H]3CCC4=CC(=O)CC[C@]4(C)[C@H]3CC[C@]12C;progesterone
CCC;propane
CCC(=O)O;propionic acid
CCC(=O)O;propionic acid
C=CC;propylene
CC1COC(=O)O1;propylene carbonate
CC1COC(=O)O1;propylene carbonate
CC(CO)O;propylene glycol
CC(CO)O;propylene glycol
C[C@@H]1CO1;propylene oxide
C[C@@H]1CO1;propylene oxide
CCCOC(=O)C1=CC=C(O)C=C1;propylparaben
OC1=CC=CC(O)=C1O;pyrogallol
O=C1C=CC(=O)C=C1;quinone
[Rn];radon
OC[C@H]1O[C@@](CO)(O[C@H]2O[C@H](CO[C@H]3O[C@H](CO)[C@H](O)[C@H](O)[C@H]3O)[C@@H](O)[C@H](O)[C@H]2O)[C@@H](O)[C@@H]1O;raffinose
CN\C(NCCSCC1=CC=C(CN(C)C)O1)=C/[N+]([O-])=O;ranitidine
OC1=CC(O)=CC=C1;resorcinol
c1ccc(c(c1)C(=O)O)O;salicilyc acid
OC(=O)C1=CC=CC=C1O;salicylic acid
OC(=O)C1=CC=CC=C1O;salicylic acid
CN1C2CC(CC1C1OC21)OC(=O)C(CO)C1=CC=CC=C1;scopolamine
O=O;singlet oxygen
O=C1N(CCON(=O)=O)COC2=CC=CC=C12;sinitrodil
C=CC1=CC=CC=C1;styrene
OC[C@H]1O[C@@](CO)(O[C@H]2O[C@H](CO)[C@@H](O)[C@H](O)[C@H]2O)[C@@H](O)[C@@H]1O;sucrose
CCC(=O)N(C1=CC=CC=C1)C1(COC)CCN(CCC2=CC=CS2)CC1;sufentanil
CCC(=O)N(C1=CC=CC=C1)C1(COC)CCN(CCC2=CC=CS2)CC1;sufentanyl
O=S1(=O)CCCC1;sulfolane
O=S1(=O)CCCC1;sulfolane
O=S=O;sulfur dioxide
FS(F)(F)(F)(F)F;sulfur hexafluoride
NC1=C2C=CC=CC2=NC2=C1CCCC2;tacrine
NC1=C2C=CC=CC2=NC2=C1CCCC2;tacrine
NC1=C2C=CC=CC2=NC2=C1CCCC2;tacrine
NC1=C2C=CC=CC2=NC2=C1CCCC2;tacrine
NC1=C2C=CC=CC2=NC2=C1CCCC2;tacrine
NC1=C2C=CC=CC2=NC2=C1CCCC2;tacrine
CC(C)(C)NCC(O)C1=CC(O)=CC(O)=C1;terbutaline
C[C@]12CC[C@H]3[C@@H](CCC4=CC(=O)CC[C@]34C)[C@@H]1CC[C@@H]2O;testosterone
CN1C2=C(NC=N2)C(=O)N(C)C1=O;theophylline
CN1C2=C(NC=N2)C(=O)N(C)C1=O;theophylline
CN1C2=C(NC=N2)C(=O)N(C)C1=O;theophylline
CN1C2=C(NC=N2)C(=O)N(C)C1=O;theophylline
CN1C2=C(NC=N2)C(=O)N(C)C1=O;theophylline
CN1C2=C(NC=N2)C(=O)N(C)C1=O;theophylline
